1 adam@mail.com adam
2 kasia@yahoo.com kasia
3 marcin@yahoo.com marcin
4 monika@yahoo.com monika
5 jakub@yahoo.com jakub
6 agnieszka@mail.com agnieszka
7 kamil@mail.com kamil
8 iza@yahoo.com iza
9 adrian@gmail.com adrian
10 ranata@yahoo.com renata